---
title: Mysql基础学习
order: 1
group:
  title: DataBase
  order: 2
  path: /server/DataBase
nav:
  order: 6
  title: 'server'
  path: /server
---

数据库英文名叫做 database，表的英文名叫做 table，每个 database 下面管理若干张 table，所以整体逻辑是：MySQL 服务器管理若干 database，每个 database 管理若干张 table。

首先登录 `mysql -uroot -p`

## 数据库相关操作

- 新建数据库比如我创建一个测试数据库，名字就叫做 test_mysql：

```js
mysql> CREATE DATABASE test_mysql;
// 如果指定的数据库不存在的话就创建它，
mysql> CREATE DATABASE IF NOT EXISTS test_mysql;
```

- 展示所有数据库

```bash
mysql>show databases;
```

- 切换数据库

```bash
# 语法
use 数据库名;
mysql> use test_mysql
```

- 删除数据库

```bash
mysql> drop database test_mysql;
mysql> DROP DATABASE IF EXISTS 数据库名;
```

## table 相关操作

表中的一行叫做一条记录，一列叫做一个字段。

- 展示当前数据库所有的表 show tables

```bash
mysql> use test_mysql;
Database changed
mysql> show tables;
```

我们可以直接在语句中指定所查询的数据库：

```bash
mysql> show tables from test_mysql;
```

- 创建表

```bash
# 语法
CREATE TABLE 表名 (
    列名1    数据类型    [列的属性],
    列名2    数据类型    [列的属性],
    ...
    列名n    数据类型    [列的属性]
);
```

类似创建 Excel 表格的过程：

- 给每个表起个名；
- 给表定义一些列，并且给这些列都起个名；
- 每一个列都需要定义一种数据类型；
- 如果有需要的话，可以给这些列定义一些列的属性，比如不许存储 NULL，设置默认值等等，这些我们后面详细说明，我们从最简单的开始。表名叫做 student_info

```bash
CREATE TABLE IF NOT EXISTS student_info (
    id INT comment "学号",
    name VARCHAR(20) comment "姓名",
    age INT comment "年龄",
    sex TINYINT comment "性别：0:男；1:女",
    address VARCHAR(30) comment "家庭住址"
) COMMENT '学生基本信息表';
```

> IF NOT EXISTS 表示如果指定的表名不存在则创建这个表，如果存在那就什么都不做

> 数字可以使用 int 类型，字符串可以使用 varchar 类型

- 查看表结构 desc name1

```bash
mysql> desc student_info;
+---------+-------------+------+-----+---------+-------+
| Field   | Type        | Null | Key | Default | Extra |
+---------+-------------+------+-----+---------+-------+
| id      | int(11)     | YES  |     | NULL    |       |
| name    | varchar(20) | YES  |     | NULL    |       |
| age     | int(11)     | YES  |     | NULL    |       |
| sex     | tinyint(4)  | YES  |     | NULL    |       |
| address | varchar(30) | YES  |     | NULL    |       |
+---------+-------------+------+-----+---------+-------+
5 rows in set (0.00 sec)
```

有的时候需要看创表语句，我们可以使用：

```bash
SHOW CREATE TABLE 表名;
mysql> show create table student_info\G
*************************** 1. row ***************************
       Table: student_info
Create Table: CREATE TABLE `student_info` (
  `id` int(11) DEFAULT NULL COMMENT '学号',
  `name` varchar(20) DEFAULT NULL COMMENT '姓名',
  `age` int(11) DEFAULT NULL COMMENT '年龄',
  `sex` tinyint(4) DEFAULT NULL COMMENT '性别：0:男；1:女',
  `address` varchar(30) DEFAULT NULL COMMENT '家庭住址'
) ENGINE=InnoDB DEFAULT CHARSET=utf8 COMMENT='学生基本信息表'
1 row in set (0.00 sec)
```

最后有一个 ENGINE=InnoDB DEFAULT CHARSET=utf8 其实是指定了**表的默认存储引擎和默认字符集**，那么 InnoDB 存储引擎到底有啥特点、我们为什么要用它；还有就是字符集问题，到底什么是字符集、有哪些字符集、各字符集的区别是什么。

- 删除表 drop table name1

```bash
mysql> DROP TABLE 表1, 表2, ..., 表n;
```

- 修改表名

```js
ALTER TABLE 旧表名 RENAME TO 新表名;
// test
mysql> alter table student_info rename to student_info_new;
```

- 修改表结构此时学生信息表需要增加新的列：身份证号码字段，语法为：

```bash
ALTER TABLE 表名 ADD COLUMN 列名 数据类型 [列的属性];
mysql> alter table student_info add column id_number char(18);
```

如何删除列呢？语法是：

```bash
mysql> alter table student_info drop column id_number;
```

最后是修改列的信息，比如修改字段名称、类型、属性等，也有两种方式。

```bash
#
ALTER TABLE 表名 MODIFY 列名 新数据类型 [新属性];
mysql> alter table student_info modify address varchar(100);
```

比如家庭住址有的同学比较长，这里长度 30 不够存放，修改 address 长度为 100，那么可以这样操作：

还可以顺便指定下该列的位置，跟新增字段的用法一样，比如我修改 address 长度为 255，并且位置修改为第一个：

```bash
mysql> alter table student_info modify address varchar(255) first;
```

## MySQL 简单的增删改查操作 insert/update/delete/select

- 查询语句如果我们想查看某个表里已经存储了哪些数据，可以用下边这个语句：

```js
mysql> select * from student_info
```

- 新增数据，一行数据

```js
mysql> insert into student_info (id,name,age,sex,address) values(1,'fossi',18,0,'江苏省南京市');
```

- 更新数据

```js
mysql> update student_info set sex=0 where id=3;
```

- 删除某一行

```js
mysql> delete from student_info where id=6;
```

## 数据类型

MySQL 支持各种数据类型，我们主要关注的有三大类：

- 表示时间的日期时间类型
- 代表数字的数值类型
- 存放各种字符的字符串类型
