---
title: Mysqlquery 简单查询
order: 2
group:
  title: DataBase
  order: 2
  path: /server/DataBase
nav:
  order: 6
  title: 'server'
  path: /server
---

employees1 表数据结构如下：

```bash
CREATE TABLE `employees1` (
`emp_no` int(11) NOT NULL,
`birth_date` date NOT NULL,
`first_name` varchar(14) NOT NULL,
`last_name` varchar(16) NOT NULL,
`gender` char(1) NOT NULL,
`hire_date` date NOT NULL,
PRIMARY KEY (`emp_no`));
INSERT INTO employees1 VALUES(10001,'1953-09-02','Georgi','Facello','M','1986-06-26');
INSERT INTO employees1 VALUES(10007,'1953-09-02','eorgi','Facello','M','1986-06-26');
INSERT INTO employees1 VALUES(10002,'1964-06-02','Bezalel','Simmel','F','1985-11-21');
INSERT INTO employees1 VALUES(10005,'1964-06-02','zalel','Simmel','F','1985-11-21');
INSERT INTO employees1 VALUES(10003,'1959-12-03','Parto','Bamford','M','1986-08-28');
INSERT INTO employees1 VALUES(10006,'1959-12-03','arto','Bamford','M','1986-08-28');
```

### 简单插入语句

```bash
mysql> insert into employees1(emp_no,birth_date, hire_date,first_name, last_name, gender) values(10008, 19910701, 20220610, 'chendpeng','cpp', 'F');

mysql> select * from employees1;
+--------+------------+------------+-----------+--------+------------+
| emp_no | birth_date | first_name | last_name | gender | hire_date  |
+--------+------------+------------+-----------+--------+------------+
|  10001 | 1953-09-02 | Georgi     | Facello   | M      | 1986-06-26 |
|  10002 | 1964-06-02 | Bezalel    | Simmel    | F      | 1985-11-21 |
|  10003 | 1959-12-03 | Parto      | Bamford   | M      | 1986-08-28 |
|  10005 | 1964-06-02 | zalel      | Simmel    | F      | 1985-11-21 |
|  10006 | 1959-12-03 | arto       | Bamford   | M      | 1986-08-28 |
|  10007 | 1953-09-02 | eorgi      | Facello   | M      | 1986-06-26 |
|  10008 | 1991-07-01 | chendpeng  | cpp       | F      | 2022-06-10 |
+--------+------------+------------+-----------+--------+------------+
7 rows in set (0.00 sec)
```

### 批量插入

```bash
INSERT INTO 表名(列1,列2, ...) VAULES(列1的值，列2的值, ...), (列1的值，列2的值, ...), (列1的值，列2的值, ...), ...;

mysql> insert into employees1(emp_no,birth_date, hire_date,first_name, last_name, gender) values(10009, 19910718, 20220611, 'chendpeng1','cpp1', 'F'), (10010, 19980706, 220610, 'wangmh', 'wmh', 'M');
```

### 去除单列/多列的重复结果 distinct

```bash
SELECT DISTINCT 列名 FROM 表名;

mysql> select distinct hire_date,gender from employees1;
+------------+--------+
| hire_date  | gender |
+------------+--------+
| 1986-06-26 | M      |
| 1985-11-21 | F      |
| 1986-08-28 | M      |
| 2022-06-10 | F      |
| 2022-06-11 | F      |
| 2022-06-10 | M      |
+------------+--------+
6 rows in set (0.00 sec)
```

### 限制查询结果条数 limit 0,2

LIMIT 开始行, 限制条数;

```bash
mysql> select * from student_info limit 0,2
```

### 关闭外键约束

```bash
mysql> set foreign_key_checks=0;
```

### 对查询结果排序 desc/asc

```bash
ORDER BY 列名 ASC|DESC
mysql> SELECT * FROM student_score ORDER BY score ASC;
```

ASC 和 DESC 指的是排序方向。**ASC 是指按照指定列的值进行由小到大进行排序，也叫做升序**，DESC 是指按照指定列的值进行由大到小进行排序，也叫做降序. 如果省略了 ORDER BY 语句中的排序方向，则默认按照从小到大的顺序进行排序，也就是说 ORDER BY 列名和 ORDER BY 列名 ASC 的语义是一样的

> 默认按照 ASC 升序

### 按照多个列的值进行排序

```bash
ORDER BY 列1 ASC|DESC, 列2 ASC|DESC ...

mysql> select * from employees1 order by hire_date asc, birth_date desc;
```

### 简单带搜索条件 where

```bash
select * from employees where gender = 'M';
```

搜索条件就是 gender='M',=称之为比较操作符，除了=之外，设计 MySQL 的大叔还提供了很多别的比较操作符，比如：

=/>/</>=/<=

a BETWEEN b AND c 满足 b <= a <= c

a NOT BETWEEN b AND c 不满足 b <= a <= c

```bash
mysql> select * from employees where emp_no>'10006'; // 学号大于10006
mysql>select * from employees where emp_no between 10006 and 10008; // 查询学号介于10006和10008之间的
mysql> select * from employees where emp_no not between 10006 and 10008; // 查询学号不介于10006和10008之间的
```

### 匹配列表中的元素 IN

有时候搜索条件中指定的匹配值并不是单个值，而是一个列表，只要匹配到列表中的某一项就算匹配成功，这种情况可以使用 IN 操作符：

```bash
mysql> select * from employees where emp_no in (10001, 10009);// 想查询10001，10009学号的信息
```

### 匹配 NULL 值

我们前边说过，NULL 代表没有值，意味着你并不知道该列应该填入什么数据，在判断某一列是否为 NULL 的时候并不能单纯的使用=操作符，而是需要专业判断值是否是 NULL 的操作符：

```bash
mysql>select * from student_info_new where sex is not null; // 过滤sex列中不是null
```

### 多个搜索条件的查询

- AND: 在给定多个搜索条件的时候，我们有时需要某条记录只在符合所有搜索条件的时候才将其加入结果集，这种情况我们可以使用 AND 操作符来连接多个搜索条件

```bash
select * from employees where gender='F' and emp_no>'10006';// 想查询性别是F且学号大于10006的
```

- OR 操作符在给定多个搜索条件的时候，我们有时需要某条记录在符合某一个搜索条件的时候就将其加入结果集中，这种情况我们可以使用 OR 操作符来连接多个搜索条件。比如我们想从 student_info_new 表中找出年纪大于 30 或者年纪小于 25，

```bash
mysql> select * from student_info_new where age < 25 or age >30;
```

### 更复杂的搜索条件的组合

AND 操作符的优先级高于 OR 操作符，也就是说在判断某条记录是否符合条件时会先检测 AND 操作符两边的搜索条件

```bash
mysql>  select * from student_info_new where age < 25 or age > 30 and sex=0;
+------+-------+------+------+--------------------+
| id   | name  | age  | sex  | address            |
+------+-------+------+------+--------------------+
|    1 | fossi |   31 |    0 | 江苏省南京市       |
|    2 | fossy |   18 |    1 | NULL               |
|    6 | fossy |   24 |    0 | NULL               |
+------+-------+------+------+--------------------+
```

上面的语句阔以被看成是下面两个条件中的任意一个条件成立即可

- age < 25
- age > 30 and sex=0

满足上面任意一个条件的有三种情况，为了避免这种尴尬，在一个查询中有多个搜索条件时最好使用小括号()来显式的指定各个搜索条件的检测顺序

```bash
mysql> select * from student_info_new where (age < 25 or age > 30) and sex=0;
+------+-------+------+------+--------------------+
| id   | name  | age  | sex  | address            |
+------+-------+------+------+--------------------+
|    1 | fossi |   31 |    0 | 江苏省南京市       |
|    6 | fossy |   24 |    0 | NULL               |
+------+-------+------+------+--------------------+
2 rows in set (0.00 sec)
```

### 通配符 LIKE

有时候我们并不能精确的描述我们要查询的哪些结果，比方说我们只是想看看姓'杜'的学生信息，而不能精确的描述出这些姓'杜'的同学的完整姓名，我们称这种查询为模糊查询。MySQL 中使用下边这两个操作符来支持模糊查询：

- %：代表任意一个字符串。

```bash
mysql> select * from student_info_new where name like 'fos%';
+------+-------+------+------+--------------------+
| id   | name  | age  | sex  | address            |
+------+-------+------+------+--------------------+
|    1 | fossi |   31 |    0 | 江苏省南京市       |
|    2 | fossy |   18 |    1 | NULL               |
|    6 | fossy |   24 |    0 | NULL               |
+------+-------+------+------+--------------------+
3 rows in set (0.00 sec)

```

- \_：代表任意一个字符。

> 注意是一个字符

```bash
mysql> select * from student_info_new where name like '_ossy';
+------+-------+------+------+---------+
| id   | name  | age  | sex  | address |
+------+-------+------+------+---------+
|    2 | fossy |   18 |    1 | NULL    |
|    6 | fossy |   24 |    0 | NULL    |
+------+-------+------+------+---------+
2 rows in set (0.00 sec)
```

> 小贴士： LIKE 或者 NOT LIKE 操作符只用于字符串匹配。另外，通配符不能代表 NULL，如果需要匹配 NULL 的话，需要使用 IS NULL 或者 IS NOT NULL。

### 转义通配符

如果待匹配的字符串中本身就包含普通字符'%'或者'\_'该咋办，怎么区分它是一个通配符还是一个普通字符呢？

答：如果匹配字符串中需要普通字符'%'或者'\_'的话，需要在它们前边加一个反斜杠\来和通配符区分开来，也就是说：

'\%'代表普通字符'%' '\_'代表普通字符'\_'

### 牛客入门题

[SQL195 查找最晚入职员工的所有信息](https://www.nowcoder.com/practice/218ae58dfdcd4af195fff264e062138f?tpId=82&tqId=29753&rp=1&ru=/exam/oj&qru=/exam/oj&sourceUrl=%2Fexam%2Foj%3Ftab%3DSQL%25E7%25AF%2587%26topicId%3D82&difficulty=undefined&judgeStatus=undefined&tags=&title=)

```sql
drop table if exists  `employees` ;
CREATE TABLE `employees` (
`emp_no` int(11) NOT NULL,
`birth_date` date NOT NULL,
`first_name` varchar(14) NOT NULL,
`last_name` varchar(16) NOT NULL,
`gender` char(1) NOT NULL,
`hire_date` date NOT NULL,
PRIMARY KEY (`emp_no`));
INSERT INTO employees VALUES(10001,'1953-09-02','Georgi','Facello','M','1986-06-26');
INSERT INTO employees VALUES(10002,'1964-06-02','Bezalel','Simmel','F','1985-11-21');
INSERT INTO employees VALUES(10003,'1959-12-03','Parto','Bamford','M','1986-08-28');
INSERT INTO employees VALUES(10004,'1954-05-01','Chirstian','Koblick','M','1986-12-01');
INSERT INTO employees VALUES(10005,'1955-01-21','Kyoichi','Maliniak','M','1989-09-12');
INSERT INTO employees VALUES(10006,'1953-04-20','Anneke','Preusig','F','1989-06-02');
INSERT INTO employees VALUES(10007,'1957-05-23','Tzvetan','Zielinski','F','1989-02-10');
INSERT INTO employees VALUES(10008,'1958-02-19','Saniya','Kalloufi','M','1994-09-15');
INSERT INTO employees VALUES(10009,'1952-04-19','Sumant','Peac','F','1985-02-18');
INSERT INTO employees VALUES(10010,'1963-06-01','Duangkaew','Piveteau','F','1989-08-24');
INSERT INTO employees VALUES(10011,'1953-11-07','Mary','Sluis','F','1990-01-22');
```

answer:

```bash
mysql> select * from employees order by hire_date desc limit 0, 1;
```

给 student_score 添加数据

```bash
mysql> INSERT INTO student_score (number, subject, score) VALUES(20180101, '母猪的产后护理', 78),(20180101, '论萨达姆的战争准备', 88),(20180102, '母猪的产后护理', 100),(20180102, '论萨达姆的战争准备', 98),(20180103, '母猪的产后护理', 59),(20180103, '论萨达姆的战争准备', 61),(20180104, '母猪的产后护理', 55),(20180104, '论萨达姆的战争准备', 46);
```

### [SQL72 检索并列出已订购产品的清单](https://www.nowcoder.com/practice/674d99a46a96494d8267ae4d162ed459?tpId=298&tqId=2366910&ru=%2Fexam%2Foj&qru=%2Fta%2Fsql-teach-yourself%2Fquestion-ranking&sourceUrl=%2Fexam%2Foj%3Fpage%3D1%26tab%3DSQL%25E7%25AF%2587%26topicId%3D298)

【问题】编写 SQL 语句，查找所有订购了数量至少 100 个的 BR01、BR02 或 BR03 的订单。你需要返回 OrderItems 表的订单号（order_num）、产品 ID（prod_id）和数量（quantity），并按产品 ID 和数量进行过滤。【示例答案】返回商品 id prod_id、订单 order_num、数量 quantity

分析：订购了数量至少 100 个的 BR01、BR02 或 BR03 的订单

where quantity >= 100 and prod_id in ('BR01','BR02','BR03')

```bash
select
order_num, prod_id,quantity
from OrderItems
where
    quantity >= 100 and prod_id in ('BR01', 'BR02', 'BR03');
```
